CA006158350,Toronto
CA006158355,Toronto
CA006158363,Toronto
CA006158370,Toronto
CA006158381,Toronto
CA006158384,Toronto
CA006158385,Toronto
CA006158386,Toronto
CA006158398,Toronto
CA0061583FL,Toronto
CA006158401,Toronto
CA006158406,Toronto
CA006158408,Toronto
CA006158411,Toronto
CA006158412,Toronto
CA006158415,Toronto
CA006158417,Toronto
CA006158418,Toronto
CA006158420,Toronto
CA006158422,Toronto
CA006158443,Toronto
CA006158474,Toronto
CA006158480,Toronto
CA0061584J2,Toronto
CA006158505,Toronto
CA006158520,Toronto
CA006158525,Toronto
CA006158536,Toronto
CA006158550,Toronto
CA006158567,Toronto
CA006158575,Toronto
CA006158578,Toronto
CA006158585,Toronto
CA006158598,Toronto
CA006158629,Toronto
CA006158645,Toronto
CA006158647,Toronto
CA006158660,Toronto
CA006158665,Toronto
CA006158666,Toronto
CA006158667,Toronto
CA006158691,Toronto
CA006158712,Toronto
CA006158718,Toronto
CA006158722,Toronto
CA006158730,Toronto
CA006158731,Toronto
CA006158732,Toronto
CA006158733,Toronto
CA006158734,Toronto
CA006158738,Toronto
CA006158740,Toronto
CA006158741,Toronto
CA006158745,Toronto
CA006158748,Toronto
CA006158749,Toronto
CA006158751,Toronto
CA006158752,Toronto
CA006158753,Toronto
CA006158762,Toronto
CA006158764,Toronto
CA006158765,Toronto
CA006158768,Toronto
CA006158771,Toronto
CA006158776,Toronto
CA006158777,Toronto
CA006158778,Toronto
CA006158779,Toronto
CA006158780,Toronto
CA006158783,Toronto
CA006158784,Toronto
CA006158792,Toronto
CA0061587PG,Toronto
CA0061587PP,Toronto
CA006158815,Toronto
CA006158830,Toronto
CA006158846,Toronto
CA006158D1B,Toronto
CA006158M1K,Toronto
CA00615H779,Toronto
CA00615HHDF,Toronto
CA00615HMAK,Toronto
CA00615S001,Toronto
CA007025245,Montreal
CA007025250,Montreal
CA007025251,Montreal
CA007025252,Montreal
CA007025257,Montreal
CA007025260,Montreal
CA007025267,Montreal
CA007025280,Montreal
CA007027320,Montreal
CA007027322,Montreal
CA007027329,Montreal
CA00702S006,Montreal
CA007035290,Montreal
CA1ON000019,Toronto
CA1ON000564,Toronto
CA1ON000837,Toronto
CA1ON000913,Toronto
US10doug001,Omaha
US10doug002,Omaha
US10doug005,Omaha
US10doug006,Omaha
US10doug007,Omaha
US10doug009,Omaha
US10doug013,Omaha
US10doug014,Omaha
US10doug015,Omaha
US10doug018,Omaha
US10doug019,Omaha
US10doug020,Omaha
US10doug022,Omaha
US10doug024,Omaha
US10doug029,Omaha
US10doug033,Omaha
US10doug035,Omaha
US10doug036,Omaha
US10doug046,Omaha
US10doug048,Omaha
US10doug053,Omaha
US10doug054,Omaha
US10doug057,Omaha
US10doug059,Omaha
US10doug060,Omaha
US10sarp005,Omaha
US10sarp007,Omaha
US10sarp008,Omaha
US10sarp020,Omaha
US10sarp038,Omaha
US10sarp048,Omaha
US10sarp049,Omaha
US1AZMR0001,Phoenix
US1AZMR0003,Mesa
US1AZMR0006,Mesa
US1AZMR0008,Mesa
US1AZMR0010,Mesa
US1AZMR0013,Scottsdale
US1AZMR0015,Phoenix
US1AZMR0016,Scottsdale
US1AZMR0019,Scottsdale
US1AZMR0023,Tempe
US1AZMR0024,Phoenix
US1AZMR0025,Phoenix
US1AZMR0027,Phoenix
US1AZMR0032,Tempe
US1AZMR0034,Phoenix
US1AZMR0039,Phoenix
US1AZMR0042,Surprise
US1AZMR0044,Mesa
US1AZMR0045,Scottsdale
US1AZMR0048,Mesa
US1AZMR0053,Goodyear
US1AZMR0057,Phoenix
US1AZMR0061,Scottsdale
US1AZMR0062,Phoenix
US1AZMR0063,Tempe
US1AZMR0065,Tempe
US1AZMR0066,Surprise
US1AZMR0068,Mesa
US1AZMR0071,Scottsdale
US1AZMR0078,Phoenix
US1AZMR0082,Phoenix
US1AZMR0088,Phoenix
US1AZMR0095,Peoria
US1AZMR0096,Mesa
US1AZMR0101,Phoenix
US1AZMR0105,Mesa
US1AZMR0108,Scottsdale
US1AZMR0110,Scottsdale
US1AZMR0113,Scottsdale
US1AZMR0126,Tempe
US1AZMR0131,Phoenix
US1AZMR0138,Phoenix
US1AZMR0140,Phoenix
US1AZMR0152,Mesa
US1AZMR0153,Mesa
US1AZMR0155,Tempe
US1AZMR0156,Phoenix
US1AZMR0161,Tempe
US1AZMR0162,Peoria
US1AZMR0164,Scottsdale
US1AZMR0170,Goodyear
US1AZMR0174,Surprise
US1AZMR0188,Scottsdale
US1AZMR0189,Phoenix
US1AZMR0198,Phoenix
US1AZMR0203,Phoenix
US1AZMR0207,Scottsdale
US1AZMR0211,Phoenix
US1AZMR0213,Mesa
US1AZMR0220,Phoenix
US1AZMR0222,Phoenix
US1AZMR0228,Phoenix
US1AZMR0232,Scottsdale
US1AZMR0234,Peoria
US1AZMR0235,Scottsdale
US1AZMR0239,Surprise
US1AZMR0241,Scottsdale
US1AZMR0242,Phoenix
US1AZMR0244,Scottsdale
US1AZMR0245,Goodyear
US1AZMR0246,Tempe
US1AZMR0248,Mesa
US1AZMR0254,Phoenix
US1AZMR0255,Tempe
US1AZMR0258,Scottsdale
US1AZMR0259,Phoenix
US1AZMR0260,Mesa
US1AZMR0261,Mesa
US1AZMR0262,Surprise
US1AZMR0264,Scottsdale
US1AZMR0265,Scottsdale
US1AZMR0266,Mesa
US1AZMR0267,Tempe
US1AZMR0269,Mesa
US1AZMR0270,Mesa
US1AZMR0271,Peoria
US1AZMR0272,Mesa
US1AZMR0273,Scottsdale
US1AZMR0277,Scottsdale
US1AZMR0282,Phoenix
US1AZMR0283,Phoenix
US1AZMR0287,Surprise
US1AZMR0288,Mesa
US1AZMR0291,Peoria
US1AZMR0292,Peoria
US1AZMR0303,Phoenix
US1AZMR0313,Phoenix
US1AZMR0314,Surprise
US1AZMR0316,Surprise
US1AZMR0326,Phoenix
US1AZMR0334,Phoenix
US1AZMR0337,Mesa
US1AZMR0342,Mesa
US1AZMR0343,Phoenix
US1AZMR0346,Mesa
US1AZMR0347,Tempe
US1AZMR0349,Goodyear
US1AZMR0350,Scottsdale
US1AZMR0351,Scottsdale
US1AZMR0352,Tempe
US1AZMR0353,Phoenix
US1AZMR0356,Phoenix
US1AZMR0361,Scottsdale
US1AZMR0366,Scottsdale
US1AZMR0368,Mesa
US1AZMR0373,Mesa
US1AZMR0375,Scottsdale
US1AZMR0377,Goodyear
US1AZMR0381,Tempe
US1AZMR0382,Phoenix
US1AZMR0384,Scottsdale
US1AZMR0387,Scottsdale
US1AZMR0406,Scottsdale
US1AZMR0410,Phoenix
US1AZMR0411,Goodyear
US1AZMR0413,Surprise
US1AZMR0420,Phoenix
US1AZMR0421,Surprise
US1AZMR0422,Scottsdale
US1AZMR0424,Scottsdale
US1AZMR0429,Scottsdale
US1AZMR0431,Phoenix
US1AZMR0432,Tempe
US1AZMR0435,Mesa
US1AZMR0436,Phoenix
US1AZMR0440,Phoenix
US1AZMR0442,Mesa
US1AZMR0443,Phoenix
US1AZMR0445,Mesa
US1AZMR0451,Tempe
US1AZMR0452,Mesa
US1AZMR0454,Mesa
US1AZMR0460,Mesa
US1AZMR0461,Tempe
US1AZMR0464,Mesa
US1AZMR0472,Surprise
US1AZMR0476,Phoenix
US1AZMR0477,Tempe
US1AZMR0487,Phoenix
US1AZMR0488,Surprise
US1AZMR0502,Phoenix
US1AZMR0506,Phoenix
US1AZMR0510,Scottsdale
US1AZMR0512,Mesa
US1AZMR0517,Surprise
US1AZMR0518,Scottsdale
US1AZMR0529,Phoenix
US1AZMR0530,Phoenix
US1AZMR0531,Phoenix
US1AZMR0535,Surprise
US1AZMR0539,Phoenix
US1AZMR0541,Phoenix
US1AZMR0544,Mesa
US1AZMR0561,Phoenix
US1AZMR0569,Phoenix
US1AZMR0578,Phoenix
US1AZMR0579,Peoria
US1AZMR0580,Scottsdale
US1AZMR0581,Tempe
US1AZMR0584,Phoenix
US1AZMR0586,Phoenix
US1AZMR0588,Tempe
US1AZMR0591,Peoria
US1AZMR0593,Phoenix
US1AZMR0594,Goodyear
US1AZMR0596,Phoenix
US1AZMR0602,Tempe
US1AZMR0610,Phoenix
US1AZMR0615,Mesa
US1AZMR0618,Scottsdale
US1AZMR0620,Scottsdale
US1AZMR0626,Surprise
US1AZMR0641,Surprise
US1CAAL0006,Oakland
US1CAAL0015,Oakland
US1CAAL0016,Oakland
US1CAAL0017,Oakland
US1CAAL0030,Oakland
US1CAAL0045,Oakland
US1CAAL0052,Oakland
US1CAAL0053,Oakland
US1CAAL0065,Oakland
US1CALA0030,Los Angeles
US1CALA0064,Los Angeles
US1CAOR0021,Anaheim
US1CAOR0022,Anaheim
US1CAOR0029,Anaheim
US1CAOR0039,Anaheim
US1CASD0005,San Diego
US1CASD0021,San Diego
US1CASD0027,San Diego
US1CASD0029,San Diego
US1CASD0032,San Diego
US1CASD0041,San Diego
US1CASD0049,San Diego
US1CASD0053,San Diego
US1CASD0055,San Diego
US1CASD0060,San Diego
US1CASD0070,San Diego
US1CASD0073,San Diego
US1CASD0080,San Diego
US1CASD0081,San Diego
US1CASD0106,San Diego
US1CASD0107,San Diego
US1CASD0109,San Diego
US1CASD0115,San Diego
US1CASD0131,San Diego
US1CASD0140,San Diego
US1CASD0172,San Diego
US1CASD0173,San Diego
US1CASD0181,San Diego
US1CASD0217,San Diego
US1CASD0220,San Diego
US1CASD0221,San Diego
US1CASD0227,San Diego
US1CASD0228,San Diego
US1CASD0230,San Diego
US1CASD0241,San Diego
US1CASF0003,San Francisco
US1CASF0004,San Francisco
US1CASF0008,San Francisco
US1CASF0014,San Francisco
US1CASF0017,San Francisco
US1CASF0020,San Francisco
US1CASF0021,San Francisco
US1COAD0012,Denver
US1COAD0015,Denver
US1COAD0020,Denver
US1COAD0023,Denver
US1COAD0091,Denver
US1COAD0231,Denver
US1COAR0041,Denver
US1COAR0042,Denver
US1COAR0043,Denver
US1COAR0044,Denver
US1COAR0045,Denver
US1COAR0047,Denver
US1COAR0050,Denver
US1COAR0059,Denver
US1COAR0063,Denver
US1COAR0064,Denver
US1COAR0070,Denver
US1COAR0105,Denver
US1COAR0107,Denver
US1COAR0245,Denver
US1COAR0408,Denver
US1COAR0413,Denver
US1CODG0001,Denver
US1CODG0005,Denver
US1CODN0004,Denver
US1CODN0005,Denver
US1CODN0006,Denver
US1CODN0008,Denver
US1CODN0010,Denver
US1CODN0015,Denver
US1CODN0016,Denver
US1CODN0020,Denver
US1CODN0021,Denver
US1CODN0022,Denver
US1CODN0023,Denver
US1CODN0024,Denver
US1CODN0025,Denver
US1CODN0026,Denver
US1CODN0028,Denver
US1CODN0030,Denver
US1CODN0032,Denver
US1CODN0033,Denver
US1CODN0035,Denver
US1CODN0036,Denver
US1CODN0038,Denver
US1CODN0041,Denver
US1CODN0044,Denver
US1CODN0048,Denver
US1CODN0049,Denver
US1CODN0050,Denver
US1CODN0051,Denver
US1CODN0052,Denver
US1CODN0053,Denver
US1CODN0064,Denver
US1CODN0066,Denver
US1CODN0067,Denver
US1CODN0068,Denver
US1CODN0072,Denver
US1CODN0074,Denver
US1CODN0076,Denver
US1CODN0077,Denver
US1CODN0078,Denver
US1CODN0079,Denver
US1CODN0081,Denver
US1CODN0082,Denver
US1CODN0088,Denver
US1CODN0089,Denver
US1CODN0093,Denver
US1CODN0095,Denver
US1CODN0098,Denver
US1CODN0099,Denver
US1CODN0103,Denver
US1CODN0110,Denver
US1CODN0112,Denver
US1CODN0115,Denver
US1CODN0116,Denver
US1CODN0117,Denver
US1CODN0122,Denver
US1CODN0127,Denver
US1CODN0136,Denver
US1CODN0141,Denver
US1CODN0143,Denver
US1CODN0146,Denver
US1CODN0147,Denver
US1CODN0159,Denver
US1CODN0160,Denver
US1CODN0168,Denver
US1CODN0175,Denver
US1CODN0177,Denver
US1CODN0179,Denver
US1CODN0180,Denver
US1CODN0183,Denver
US1CODN0186,Denver
US1CODN0187,Denver
US1CODN0190,Denver
US1CODN0196,Denver
US1CODN0199,Denver
US1CODN0205,Denver
US1CODN0207,Denver
US1CODN0212,Denver
US1CODN0223,Denver
US1CODN0229,Denver
US1CODN0231,Denver
US1CODN0235,Denver
US1CODN0236,Denver
US1CODN0255,Denver
US1CODN0259,Denver
US1CODN0261,Denver
US1CODN0262,Denver
US1CODN0264,Denver
US1CODN0269,Denver
US1CODN0270,Denver
US1CODN0280,Denver
US1CODN0282,Denver
US1CODN0295,Denver
US1CODN0304,Denver
US1CODN0306,Denver
US1CODN0309,Denver
US1CODN0313,Denver
US1CODN0318,Denver
US1CODN0319,Denver
US1CODN0320,Denver
US1CODN0321,Denver
US1CODN0326,Denver
US1CODN0327,Denver
US1CODN0328,Denver
US1CODN0329,Denver
US1CODN0330,Denver
US1CODN0334,Denver
US1CODN0340,Denver
US1CODN0342,Denver
US1COJF0001,Denver
US1COJF0002,Denver
US1COJF0003,Denver
US1COJF0004,Denver
US1COJF0010,Denver
US1COJF0026,Denver
US1COJF0035,Denver
US1COJF0039,Denver
US1COJF0044,Denver
US1COJF0047,Denver
US1COJF0048,Denver
US1COJF0056,Denver
US1COJF0057,Denver
US1COJF0060,Denver
US1COJF0064,Denver
US1COJF0071,Denver
US1COJF0083,Denver
US1COJF0214,Denver
US1COJF0217,Denver
US1COJF0372,Denver
US1DCDC0001,Washington
US1DCDC0002,Washington
US1DCDC0003,Washington
US1DCDC0006,Washington
US1DCDC0007,Washington
US1DCDC0008,Washington
US1DCDC0009,Washington
US1DCDC0010,Washington
US1DCDC0011,Washington
US1DCDC0014,Washington
US1DCDC0015,Washington
US1DCDC0026,Washington
US1DCDC0031,Washington
US1DCDC0034,Washington
US1DCDC0040,Washington
US1Doug5481,Omaha
US1FLCH0001,Port Charlotte
US1FLCH0008,Port Charlotte
US1FLCH0010,Port Charlotte
US1FLCH0013,Port Charlotte
US1FLCH0015,Port Charlotte
US1FLCH0020,Port Charlotte
US1FLCH0024,Port Charlotte
US1FLCH0029,Port Charlotte
US1FLCH0030,Port Charlotte
US1FLCH0033,Port Charlotte
US1FLCH0035,North Port
US1FLCH0036,Port Charlotte
US1FLCH0037,Port Charlotte
US1FLCH0038,Port Charlotte
US1FLCH0040,North Port
US1FLCH0044,Port Charlotte
US1FLCH0046,Port Charlotte
US1FLCH0050,Port Charlotte
US1FLCH0051,Port Charlotte
US1FLHB0007,Tampa
US1FLHB0010,Tampa
US1FLHB0029,Tampa
US1FLHB0036,Tampa
US1FLHB0055,Tampa
US1FLHB0064,Tampa
US1FLHB0068,Tampa
US1FLHB0071,Tampa
US1FLHB0087,Tampa
US1FLHB0090,Tampa
US1FLHB0096,Tampa
US1FLHB0103,Tampa
US1FLHB0108,Tampa
US1FLHB0110,Tampa
US1FLHB0112,Tampa
US1FLHB0115,Tampa
US1FLHB0120,Tampa
US1FLHB0138,Tampa
US1FLHB0143,Tampa
US1FLHB0147,Tampa
US1FLHB0152,Tampa
US1FLHB0167,Tampa
US1FLLE0001,Fort Myers
US1FLLE0003,Fort Myers
US1FLLE0011,Fort Myers
US1FLLE0030,Fort Myers
US1FLLE0037,Fort Myers
US1FLLE0039,Fort Myers
US1FLLE0049,Fort Myers
US1FLLE0055,Fort Myers
US1FLLE0056,Fort Myers
US1FLLE0072,Fort Myers
US1FLLE0074,Fort Myers
US1FLLE0076,Fort Myers
US1FLMA0007,Bradenton
US1FLMA0008,Bradenton
US1FLMA0010,Bradenton
US1FLMA0011,Bradenton
US1FLMA0015,Bradenton
US1FLMA0017,Bradenton
US1FLMA0018,Bradenton
US1FLMA0020,Bradenton
US1FLMA0021,Sarasota
US1FLMA0035,Sarasota
US1FLMA0038,Bradenton
US1FLMA0041,Sarasota
US1FLMD0002,Miami
US1FLMD0006,Miami
US1FLMD0008,Miami
US1FLMD0010,Miami
US1FLMD0023,Miami
US1FLMD0026,Miami
US1FLMD0030,Miami
US1FLMD0039,Miami
US1FLMD0040,Miami
US1FLMD0042,Miami
US1FLMD0044,Miami
US1FLMD0055,Miami
US1FLMD0058,Miami
US1FLMD0059,Miami
US1FLMD0061,Miami
US1FLMD0064,Miami
US1FLMD0075,Miami
US1FLMD0079,Miami
US1FLMD0083,Miami
US1FLMD0094,Miami
US1FLMD0111,Miami
US1FLMD0119,Miami
US1FLMD0123,Miami
US1FLOS0022,Kissimmee
US1FLOS0033,Kissimmee
US1FLOS0041,Kissimmee
US1FLPB0031,Palm Beach
US1FLPB0067,Palm Beach
US1FLPB0069,Palm Beach
US1FLPB0081,Palm Beach
US1FLPB0098,Palm Beach
US1FLPB0122,Palm Beach
US1FLPB0124,Palm Beach
US1FLPK0003,Lakeland
US1FLPK0011,Lakeland
US1FLPK0014,Lakeland
US1FLPK0018,Lakeland
US1FLPK0028,Lakeland
US1FLPK0031,Lakeland
US1FLPK0032,Lakeland
US1FLPK0034,Lakeland
US1FLPK0037,Lakeland
US1FLPK0048,Lakeland
US1FLPK0049,Lakeland
US1FLPK0066,Lakeland
US1FLPK0087,Lakeland
US1FLPK0090,Lakeland
US1FLPN0004,St. Petersburg
US1FLPN0009,St. Petersburg
US1FLPN0013,St. Petersburg
US1FLPN0014,St. Petersburg
US1FLPN0016,Clearwater
US1FLPN0022,St. Petersburg
US1FLPN0026,St. Petersburg
US1FLPN0033,St. Petersburg
US1FLPN0034,St. Petersburg
US1FLPN0036,Dunedin
US1FLPN0046,St. Petersburg
US1FLPN0049,St. Petersburg
US1FLPN0051,Dunedin
US1FLPN0055,St. Petersburg
US1FLPN0058,St. Petersburg
US1FLPN0060,St. Petersburg
US1FLPN0070,St. Petersburg
US1FLPN0074,St. Petersburg
US1FLPN0079,St. Petersburg
US1FLPN0081,St. Petersburg
US1FLPN0083,Clearwater
US1FLPN0091,Dunedin
US1FLPN0096,Clearwater
US1FLPN0097,St. Petersburg
US1FLPN0099,St. Petersburg
US1FLPN0102,St. Petersburg
US1FLPN0108,St. Petersburg
US1FLPN0112,Clearwater
US1FLPN0120,St. Petersburg
US1FLPN0121,Clearwater
US1FLPN0122,St. Petersburg
US1FLPN0123,St. Petersburg
US1FLPN0126,Dunedin
US1FLPN0129,St. Petersburg
US1FLPN0130,St. Petersburg
US1FLPN0134,Clearwater
US1FLSL0002,Port St. Lucie
US1FLSL0003,Port St. Lucie
US1FLSL0009,Port St. Lucie
US1FLSL0013,Port St. Lucie
US1FLSL0019,Port St. Lucie
US1FLSL0020,Port St. Lucie
US1FLSL0022,Port St. Lucie
US1FLSL0023,Port St. Lucie
US1FLSL0029,Port St. Lucie
US1FLSL0031,Port St. Lucie
US1FLSL0039,Port St. Lucie
US1FLSL0040,Port St. Lucie
US1FLSL0043,Port St. Lucie
US1FLSL0046,Port St. Lucie
US1FLSL0050,Port St. Lucie
US1FLSL0051,Port St. Lucie
US1FLSL0052,Port St. Lucie
US1FLSL0053,Port St. Lucie
US1FLSL0058,Port St. Lucie
US1FLSS0002,Sarasota
US1FLSS0003,Sarasota
US1FLSS0004,Sarasota
US1FLSS0010,Sarasota
US1FLSS0011,Sarasota
US1FLSS0012,Sarasota
US1FLSS0014,North Port
US1FLSS0015,North Port
US1FLSS0018,Sarasota
US1FLSS0019,Sarasota
US1FLSS0025,North Port
US1FLSS0027,Sarasota
US1FLSS0028,North Port
US1FLSS0033,Sarasota
US1FLSS0034,North Port
US1FLSS0047,Sarasota
US1FLSS0049,Sarasota
US1FLSS0052,Sarasota
US1FLSS0053,North Port
US1FLSS0056,North Port
US1FLSS0058,North Port
US1FLSS0059,North Port
US1FLSS0063,Sarasota
US1FLSS0069,Sarasota
US1FLSS0071,North Port
US1FLSS0073,Sarasota
US1FLSS0075,North Port
US1FLSS0077,Sarasota
US1FLSS0080,Sarasota
US1FLSS0084,North Port
US1FLSS0091,Sarasota
US1FLSS0098,Sarasota
US1GADK0004,Atlanta
US1GADK0011,Atlanta
US1GADK0023,Atlanta
US1GADK0028,Atlanta
US1GADK0034,Atlanta
US1GADK0035,Atlanta
US1GADK0057,Atlanta
US1GAFT0002,Atlanta
US1GAFT0005,Atlanta
US1GAFT0012,Atlanta
US1GAFT0024,Atlanta
US1GAFT0030,Atlanta
US1GAFT0037,Atlanta
US1GAFT0042,Atlanta
US1GAFT0045,Atlanta
US1GAFT0046,Atlanta
US1GAFT0056,Atlanta
US1GAFT0057,Atlanta
US1GAFT0062,Atlanta
US1GAFT0073,Atlanta
US1IADB0026,Dyersville
US1ILCK0010,Chicago
US1ILCK0014,Chicago
US1ILCK0032,Chicago
US1ILCK0036,Chicago
US1ILCK0055,Chicago
US1ILCK0097,Chicago
US1ILCK0117,Chicago
US1ILCK0122,Chicago
US1ILCK0152,Chicago
US1ILCK0179,Chicago
US1ILCK0204,Chicago
US1ILCK0240,Chicago
US1ILCK0296,Chicago
US1ILCK0323,Chicago
US1ILCK0339,Chicago
US1ILCK0359,Chicago
US1ILCK0384,Chicago
US1ILCK0395,Chicago
US1ILDP0028,Chicago
US1ILDP0034,Chicago
US1ILDP0157,Chicago
US1ILDP0164,Chicago
US1ILDP0172,Chicago
US1MASF0001,Boston
US1MASF0031,Boston
US1MASF0038,Boston
US1MDBC0006,Baltimore
US1MDBL0040,Baltimore
US1MIWY0038,Detroit
US1MIWY0115,Detroit
US1MIWY0148,Detroit
US1MIWY0160,Detroit
US1MNHN0009,Minneapolis
US1MNHN0022,Minneapolis
US1MNHN0025,Minneapolis
US1MNHN0028,Minneapolis
US1MNHN0032,Minneapolis
US1MNHN0035,Minneapolis
US1MNHN0044,Minneapolis
US1MNHN0065,Minneapolis
US1MNHN0084,Minneapolis
US1MNHN0085,Minneapolis
US1MNHN0090,Minneapolis
US1MNHN0093,Minneapolis
US1MNHN0099,Minneapolis
US1MNHN0107,Minneapolis
US1MNHN0108,Minneapolis
US1MNHN0120,Minneapolis
US1MNHN0125,Minneapolis
US1MNHN0141,Minneapolis
US1MNHN0147,Minneapolis
US1MNHN0151,Minneapolis
US1MNHN0155,Minneapolis
US1MNHN0160,Minneapolis
US1MNHN0163,Minneapolis
US1MNHN0169,Minneapolis
US1MNHN0174,Minneapolis
US1MNHN0178,Minneapolis
US1MNHN0180,Minneapolis
US1MNHN0181,Minneapolis
US1MNHN0214,Minneapolis
US1MNHN0239,Minneapolis
US1MNHN0244,Minneapolis
US1MNHN0252,Minneapolis
US1MNHN0267,Minneapolis
US1MNHN0273,Minneapolis
US1MNHN0277,Minneapolis
US1MNHN0281,Minneapolis
US1MNHN0285,Minneapolis
US1MNHN0287,Minneapolis
US1MNHN0307,Minneapolis
US1MNHN0326,Minneapolis
US1MNHN0327,Minneapolis
US1MNHN0328,Minneapolis
US1MNHN0345,Minneapolis
US1MNHN0366,Minneapolis
US1MNHN0405,Minneapolis
US1MNHN0413,Minneapolis
US1MNHN0417,Minneapolis
US1MNHN0418,Minneapolis
US1MNHN0421,Minneapolis
US1MNHN0450,Minneapolis
US1MNHN0460,Minneapolis
US1MNHN0483,Minneapolis
US1MNHN0489,Minneapolis
US1MNHN0494,Minneapolis
US1MNHN0541,Minneapolis
US1MNHN0545,Minneapolis
US1MNHN0559,Minneapolis
US1MNHN0564,Minneapolis
US1MNHN0583,Minneapolis
US1MNHN0599,Minneapolis
US1MNHN0621,Minneapolis
US1MNHN0639,Minneapolis
US1MNHN0641,Minneapolis
US1MNHN0654,Minneapolis
US1MOCY0003,Kansas City
US1MOCY0017,Kansas City
US1MOCY0024,Kansas City
US1MOJC0018,Kansas City
US1MOJC0026,Kansas City
US1MOJC0028,Kansas City
US1MOJC0046,Kansas City
US1MOJC0050,Kansas City
US1MOJC0052,Kansas City
US1MOJC0057,Kansas City
US1MOSL0035,St. Louis
US1MOSL0048,St. Louis
US1MOSLC004,St. Louis
US1MOSLC005,St. Louis
US1MOSLC006,St. Louis
US1MOSLC007,St. Louis
US1MOSS0038,St. Louis
US1NEDG0008,Omaha
US1NEDG0009,Omaha
US1NEDG0012,Omaha
US1NEDG0016,Omaha
US1NEDG0017,Omaha
US1NEDG0026,Omaha
US1NEDG0030,Omaha
US1NEDG0041,Omaha
US1NEDG0042,Omaha
US1NEDG0045,Omaha
US1NEDG0046,Omaha
US1NEDG0063,Omaha
US1NESY0008,Omaha
US1NEWS0019,Omaha
US1NYBX0025,Bronx
US1NYER0002,Buffalo
US1NYER0024,Buffalo
US1NYER0058,Buffalo
US1NYER0093,Buffalo
US1NYER0095,Buffalo
US1NYER0103,Buffalo
US1NYER0109,Buffalo
US1NYER0196,Buffalo
US1NYER0236,Buffalo
US1NYER0269,Buffalo
US1NYQN0027,Queens
US1NYQN0029,Queens
US1NYQN0036,Queens
US1NYQN0037,Queens
US1NYWR0013,Queens
US1OHCM0011,Cincinnati
US1OHCY0014,Cleveland
US1OHCY0047,Cleveland
US1OHHM0002,Cincinnati
US1OHHM0013,Cincinnati
US1OHHM0022,Cincinnati
US1OHHM0023,Cincinnati
US1OHHM0031,Cincinnati
US1OHHM0038,Cincinnati
US1OHHM0046,Cincinnati
US1OHHM0047,Cincinnati
US1OHHM0055,Cincinnati
US1OHHM0056,Cincinnati
US1OHHM0064,Cincinnati
US1OHHM0068,Cincinnati
US1OHHM0071,Cincinnati
US1PAAL0014,Pittsburgh
US1PAAL0029,Pittsburgh
US1PAAL0046,Pittsburgh
US1PAAL0067,Pittsburgh
US1PAAL0070,Pittsburgh
US1PAAL0074,Pittsburgh
US1PAAL0084,Pittsburgh
US1PAAL0097,Pittsburgh
US1PAAL0100,Pittsburgh
US1PAAL0110,Pittsburgh
US1PAAL0123,Pittsburgh
US1PAAL0139,Pittsburgh
US1PAAL0153,Pittsburgh
US1PAAL0157,Pittsburgh
US1PAAL0161,Pittsburgh
US1PAAL0168,Pittsburgh
US1PALY0002,Williamsport
US1PALY0013,Williamsport
US1PAPH0004,Philadelphia
US1PAPH0007,Philadelphia
US1PAPH0008,Philadelphia
US1PAPH0012,Philadelphia
US1PAPH0030,Philadelphia
US1PAPH0033,Philadelphia
US1PAPH0034,Philadelphia
US1TXHRR002,Houston
US1TXHRR018,Houston
US1TXHRR020,Houston
US1TXHRR032,Houston
US1TXHRR034,Houston
US1TXHRR069,Houston
US1TXHRR073,Houston
US1TXHRR081,Houston
US1TXHRR085,Houston
US1TXHRR147,Houston
US1TXHRR151,Houston
US1TXHRR165,Houston
US1TXHRR176,Houston
US1TXHRR201,Houston
US1TXHRR209,Houston
US1TXHRR211,Houston
US1TXHRR232,Houston
US1TXHRR269,Houston
US1TXHRR276,Houston
US1TXHRR321,Houston
US1TXHRR327,Houston
US1TXHRR332,Houston
US1TXTN0016,Arlington
US1TXTN0065,Arlington
US1TXTN0077,Arlington
US1TXTN0080,Arlington
US1TXTN0125,Arlington
US1TXTN0155,Arlington
US1TXTN0163,Arlington
US1TXTN0169,Arlington
US1TXTN0170,Arlington
US1TXTN0174,Arlington
US1TXTN0190,Arlington
US1TXTN0193,Arlington
US1TXTN0205,Arlington
US1TXTN0214,Arlington
US1WAKG0006,Seattle
US1WAKG0020,Seattle
US1WAKG0038,Seattle
US1WAKG0040,Seattle
US1WAKG0052,Seattle
US1WAKG0064,Seattle
US1WAKG0072,Seattle
US1WAKG0079,Seattle
US1WAKG0082,Seattle
US1WAKG0083,Seattle
US1WAKG0089,Seattle
US1WAKG0104,Seattle
US1WAKG0106,Seattle
US1WAKG0108,Seattle
US1WAKG0136,Seattle
US1WAKG0142,Seattle
US1WAKG0145,Seattle
US1WAKG0162,Seattle
US1WAKG0165,Seattle
US1WAKG0168,Seattle
US1WAKG0171,Seattle
US1WAKG0179,Seattle
US1WAKG0180,Seattle
US1WAKG0188,Seattle
US1WAKG0190,Seattle
US1WAKG0192,Seattle
US1WAKG0199,Seattle
US1WAKG0200,Seattle
US1WAKG0204,Seattle
US1WAKG0208,Seattle
US1WAKG0225,Seattle
US1WAKG0229,Seattle
US1WAKG0238,Seattle
US1WAKG0239,Seattle
US1WAKG0241,Seattle
US1WAKG0243,Seattle
US1WAKG0251,Seattle
US1WAKG0255,Seattle
US1WAKG0257,Seattle
US1WAKG0258,Seattle
US1WAKG0266,Seattle
US1WAKG0272,Seattle
US1WAKG0287,Seattle
US1WAKG0294,Seattle
US1WAKG0299,Seattle
US1WAKG0301,Seattle
US1WAKG0313,Seattle
US1WAKG0317,Seattle
US1WIMW0005,Milwaukee
US1WIMW0008,Milwaukee
US1WIMW0011,Milwaukee
US1WIMW0014,Milwaukee
US1WIMW0017,Milwaukee
US1WIMW0024,Milwaukee
US1WIMW0050,Milwaukee
US1WIMW0067,Milwaukee
US1WIMW0071,Milwaukee
US1WIMW0082,Milwaukee
US1WIMW0091,Milwaukee
US1WIMW0095,Milwaukee
USC00022782,Mesa
USC00023961,Mesa
USC00025467,Mesa
USC00026476,Phoenix
USC00026479,Phoenix
USC00026482,Phoenix
USC00027661,Scottsdale
USC00028112,Phoenix
USC00028489,Tempe
USC00028494,Tempe
USC00028499,Tempe
USC00028500,Tempe
USC00040192,Anaheim
USC00040355,Anaheim
USC00045111,Los Angeles
USC00045112,Los Angeles
USC00046332,Oakland
USC00046333,Oakland
USC00046336,Oakland
USC00047738,San Diego
USC00047741,San Diego
USC00047767,San Francisco
USC00052212,Denver
USC00052213,Denver
USC00052221,Denver
USC00052223,Denver
USC00052228,Denver
USC00080940,Bradenton
USC00080945,Bradenton
USC00081632,Clearwater
USC00081635,Clearwater
USC00081716,Miami
USC00084620,Kissimmee
USC00084621,Kissimmee
USC00084625,Kissimmee
USC00084802,Lakeland
USC00085653,Miami
USC00085660,Miami
USC00085667,Miami
USC00085678,Miami
USC00086315,Miami
USC00086764,Palm Beach
USC00087758,Palm Beach
USC00088021,Sarasota
USC00088024,Sarasota
USC00088396,Miami
USC00088775,Miami
USC00088780,Miami
USC00088782,Tampa
USC00088784,Tampa
USC00088786,Tampa
USC00089520,Palm Beach
USC00090444,Atlanta
USC00090446,Atlanta
USC00090456,Atlanta
USC00111497,Chicago
USC00111522,Chicago
USC00111526,Chicago
USC00111527,Chicago
USC00111532,Chicago
USC00111537,Chicago
USC00111542,Chicago
USC00111547,Chicago
USC00111550,Chicago
USC00111552,Chicago
USC00111557,Chicago
USC00111562,Chicago
USC00111564,Chicago
USC00111567,Chicago
USC00111577,Chicago
USC00111584,Chicago
USC00180460,Baltimore
USC00180467,Baltimore
USC00180475,Baltimore
USC00180490,Baltimore
USC00190768,Boston
USC00198368,Boston
USC00215424,Minneapolis
USC00215433,Minneapolis
USC00234357,Kansas City
USC00234365,Kansas City
USC00234374,Kansas City
USC00234375,Kansas City
USC00234377,Kansas City
USC00234379,Kansas City
USC00253012,Omaha
USC00256245,Omaha
USC00256250,Omaha
USC00300961,Bronx
USC00301010,Buffalo
USC00301011,Buffalo
USC00301018,Buffalo
USC00331550,Cincinnati
USC00331566,Cincinnati
USC00331568,Cincinnati
USC00331569,Cincinnati
USC00331570,Cincinnati
USC00331571,Cincinnati
USC00331572,Cincinnati
USC00331573,Cincinnati
USC00331574,Cincinnati
USC00331644,Cleveland
USC00331650,Cleveland
USC00331652,Cleveland
USC00331653,Cleveland
USC00331662,Cleveland
USC00332766,Cincinnati
USC00366879,Philadelphia
USC00366884,Philadelphia
USC00366888,Philadelphia
USC00366894,Philadelphia
USC00366899,Philadelphia
USC00366904,Philadelphia
USC00366907,Philadelphia
USC00366910,Philadelphia
USC00369723,Williamsport
USC00369733,Williamsport
USC00369735,Williamsport
USC00410337,Arlington
USC00410520,Houston
USC00412348,Houston
USC00413043,Houston
USC00414309,Houston
USC00414310,Houston
USC00414311,Houston
USC00414313,Houston
USC00414315,Houston
USC00414317,Houston
USC00414319,Houston
USC00414321,Houston
USC00414323,Houston
USC00414325,Houston
USC00414326,Houston
USC00414327,Houston
USC00414328,Houston
USC00414329,Houston
USC00414331,Houston
USC00414333,Houston
USC00416825,Houston
USC00450410,Seattle
USC00457459,Seattle
USC00457463,Seattle
USC00457478,Seattle
USC00475469,Milwaukee
USC00475477,Milwaukee
USC00475484,Milwaukee
USC00475499,Milwaukee
USC00477964,Milwaukee
USR0000AGOO,Mesa
USR0000COKN,Oakland
USR0000COKS,Oakland
USW00003017,Denver
USW00003131,San Diego
USW00003178,San Diego
USW00003184,Phoenix
USW00003185,Mesa
USW00003192,Scottsdale
USW00003871,Cincinnati
USW00003888,Atlanta
USW00003929,Kansas City
USW00003947,Kansas City
USW00004808,Chicago
USW00004838,Chicago
USW00004853,Cleveland
USW00012837,Lakeland
USW00012839,Miami
USW00012842,Tampa
USW00012844,Palm Beach
USW00012852,Miami
USW00012859,Miami
USW00012871,Sarasota
USW00012873,Clearwater
USW00012882,Miami
USW00012883,Lakeland
USW00012888,Miami
USW00012906,Houston
USW00012918,Houston
USW00012945,Houston
USW00012960,Houston
USW00012975,Houston
USW00012977,Houston
USW00013771,Philadelphia
USW00013777,Baltimore
USW00013779,Philadelphia
USW00013841,Cincinnati
USW00013874,Atlanta
USW00013988,Kansas City
USW00014733,Buffalo
USW00014739,Boston
USW00014762,Pittsburgh
USW00014778,Williamsport
USW00014809,Pittsburgh
USW00014819,Chicago
USW00014820,Cleveland
USW00014822,Detroit
USW00014839,Milwaukee
USW00014853,Detroit
USW00014861,Pittsburgh
USW00014880,Chicago
USW00014892,Chicago
USW00014922,Minneapolis
USW00014942,Omaha
USW00014947,Minneapolis
USW00023012,Denver
USW00023062,Denver
USW00023104,Phoenix
USW00023111,Phoenix
USW00023174,Los Angeles
USW00023183,Phoenix
USW00023188,San Diego
USW00023230,Oakland
USW00023234,San Francisco
USW00023272,San Francisco
USW00024233,Seattle
USW00024234,Seattle
USW00024244,Seattle
USW00024281,Seattle
USW00053156,Phoenix
USW00053819,Atlanta
USW00053863,Atlanta
USW00053907,Arlington
USW00053910,Houston
USW00092802,Tampa
USW00092811,Miami
USW00093002,Denver
USW00093032,Denver
USW00093067,Denver
USW00093105,Phoenix
USW00093107,San Diego
USW00093134,Los Angeles
USW00093140,Phoenix
USW00093211,Oakland
USW00093721,Baltimore
USW00093725,Washington
USW00093812,Cincinnati
USW00093830,Atlanta
USW00093890,Cincinnati
USW00093972,Kansas City
USW00094290,Seattle
USW00094701,Boston
USW00094823,Pittsburgh
USW00094846,Chicago
USW00094847,Detroit
USW00094892,Chicago
USW00094918,Omaha
USW00094960,Minneapolis
USW00094963,Minneapolis
